Book Id,Title,Author,Author l-f,Additional Authors,ISBN,ISBN13,My Rating,Average Rating,Publisher,Binding,Number of Pages,Year Published,Original Publication Year,Date Read,Date Added,Bookshelves,Bookshelves with positions,Exclusive Shelf,My Review,Spoiler,Private Notes,Read Count,Owned Copies
77197,"Assassin's Apprentice (Farseer Trilogy, #1)",Robin Hobb,"Hobb, Robin",,"=""055357339X""","=""9780553573398""",0,4.19,Spectra Books,Mass Market Paperback,435,1996,1995,,2026/04/05,"to-read, next","to-read (#26), next (#4)",to-read,,,,0,0
203578847,"Wind and Truth (The Stormlight Archive, #5)",Brandon Sanderson,"Sanderson, Brandon",,"=""1250319188""","=""9781250319180""",0,4.37,Tor Books,Hardcover,1344,2024,2024,,2026/04/05,"to-read, next","to-read (#25), next (#3)",to-read,,,,0,0
57945316,Babel,R.F. Kuang,"Kuang, R.F.",,"=""0063021420""","=""9780063021426""",0,4.14,Harper Voyager,Hardcover,544,2022,2022,,2025/11/10,"to-read, next","to-read (#4), next (#2)",to-read,,,,0,0
22878967,"The Shadow of What Was Lost (The Licanius Trilogy, #1)",James Islington,"Islington, James",,"=""099258020X""","=""9780992580209""",0,4.14,Aslaradis Publishing,Paperback,595,2014,2014,,2025/08/15,"to-read, next","to-read (#2), next (#1)",to-read,,,,0,0
41886271,The Sword of Kaigen,M.L. Wang,"Wang, M.L.",,"=""""","=""""",0,4.43,Amazon Digital Services,Kindle Edition,651,2019,2019,,2025/09/27,currently-reading,currently-reading (#2),currently-reading,,,,1,0
210300489,Isles of the Emberdark,Brandon Sanderson,"Sanderson, Brandon",,"=""1938570502""","=""9781938570506""",0,4.50,Dragonsteel Entertainment,Leather Bound,465,2025,2025,,2026/04/04,to-read,to-read (#24),to-read,,,,0,0
228665,"The Eye of the World (The Wheel of Time, #1)",Robert Jordan,"Jordan, Robert",,"=""0812511816""","=""9780812511819""",4,4.19,Tor Books,Mass Market Paperback,800,1990,1990,2026/04/04,2026/03/17,,,read,,,,1,0
248244988,"Blightfall (Riftwake, #1)",Brandon Sanderson,"Sanderson, Brandon",Janci Patterson,"=""0593707060""","=""9780593707067""",0,4.57,Delacorte Press,Library Binding,496,2026,2026,,2026/03/24,to-read,to-read (#23),to-read,,,,0,0
19691,"The Hunt for Red October (Jack Ryan, #3)",Tom Clancy,"Clancy, Tom",,"=""0425172902""","=""9780425172902""",0,4.12,Berkley Trade,Mass Market Paperback,432,1999,1984,,2026/03/23,to-read,to-read (#22),to-read,,,,0,0
43890641,Hamnet,Maggie O'Farrell,"O'Farrell, Maggie",,"=""1472223799""","=""9781472223791""",0,4.21,Tinder Press,Hardcover,372,2020,2020,,2026/01/02,"jubie, currently-reading","jubie (#5), currently-reading (#1)",currently-reading,,,,1,0
16065004,"Shadows of Self (Mistborn, #5)",Brandon Sanderson,"Sanderson, Brandon",,"=""0765378558""","=""9780765378552""",5,4.26,Tor Books,Hardcover,376,2015,2015,2026/03/16,2026/03/14,,,read,,,,1,0
41806382,"Jade War (The Green Bone Saga, #2)",Fonda Lee,"Lee, Fonda",,"=""0316440930""","=""""",5,4.38,Orbit,Kindle Edition,608,2019,2019,2026/03/12,2026/03/05,,,read,,,,1,0
30558257,"Unsouled (Cradle, #1)",Will Wight,"Wight, Will",,"=""""","=""""",0,4.14,Hidden Gnome Publishing,Kindle Edition,294,2016,2016,,2026/03/12,to-read,to-read (#21),to-read,,,,0,0
60531416,"Yumi and the Nightmare Painter (Hoid's Travails, #2)",Brandon Sanderson,"Sanderson, Brandon",Aliya Chen,"=""1938570375""","=""9781938570377""",5,4.43,Dragonsteel Entertainment,Hardcover,480,2023,2023,2026/03/05,2026/03/05,,,read,,,,1,0
77262337,"Tomorrow, and Tomorrow, and Tomorrow",Gabrielle Zevin,"Zevin, Gabrielle",,"=""""","=""""",4,4.11,Knopf ,Kindle Edition,399,2023,2022,2026/02/24,2026/01/02,,,read,,,,1,0
228537678,"I, Medusa",Ayana Gray,"Gray, Ayana",,"=""0593733770""","=""9780593733776""",4,4.04,Random House,Kindle Edition,336,2025,2025,2026/02/16,2025/11/20,,,read,,,,1,0
204944666,"The Alloy of Law (Mistborn, #4)",Brandon Sanderson,"Sanderson, Brandon",,"=""""","=""""",4,4.19,Tor Books,Kindle Edition,338,2011,2011,2026/02/14,2026/01/04,,,read,,,,1,0
222531902,The White Octopus Hotel,Alexandra  Bell,"Bell, Alexandra",,"=""""","=""9798217091805""",4,3.94,Del Rey,Kindle Edition,355,2025,2025,2026/02/11,2025/09/06,,,read,,,,1,0
49021976,"Rhythm of War (The Stormlight Archive, #4)",Brandon Sanderson,"Sanderson, Brandon",,"=""0765326388""","=""9780765326386""",4,4.57,Tor Books,Hardcover,1232,2020,2020,2026/02/03,2026/01/04,,,read,,,,1,0
54659324,"Dungeon Crawler Carl (Dungeon Crawler Carl, #1)",Matt Dinniman,"Dinniman, Matt",,"=""""","=""""",4,4.47,Dandy House,Kindle Edition,464,2020,2020,,2025/12/17,,,read,,,,2,0
58659471,Beautiful Little Fools,Jillian Cantor,"Cantor, Jillian",,"=""""","=""""",4,4.01,Harper Perennial,Kindle Edition,336,2022,2022,2026/01/17,2026/01/02,,,read,,,,1,0
222361609,Wild ​Reverence,Rebecca   Ross,"Ross, Rebecca",,"=""1250373360""","=""9781250373366""",4,4.31,Saturday Books,Kindle Edition,526,2025,2025,2026/01/11,2025/09/24,,,read,,,,1,0
210191671,Katabasis,R.F. Kuang,"Kuang, R.F.",,"=""0063021498""","=""9780063021495""",4,3.75,Harper Voyager,Kindle Edition,567,2025,2025,2025/12/28,2025/09/24,,,read,,,,1,0
50202953,Piranesi,Susanna Clarke,"Clarke, Susanna",,"=""163557563X""","=""9781635575637""",0,4.21,Bloomsbury,Hardcover,245,2020,2020,,2025/11/10,to-read,to-read (#20),to-read,,,,2,0
215020997,Bury Our Bones in the Midnight Soil,V.E. Schwab,"Schwab, V.E.",Victoria Schwab,"=""1035064642""","=""9781035064649""",0,3.92,Tor,Hardcover,535,2025,2025,,2026/01/02,to-read,to-read (#19),to-read,,,,0,0
233800039,"The Devils (The Devils, #1)",Joe Abercrombie,"Abercrombie, Joe",,"=""125088005X""","=""9781250880055""",0,4.22,Tor Books,Hardcover,547,2025,2025,,2026/01/02,to-read,to-read (#18),to-read,,,,0,0
139400713,Martyr!,Kaveh Akbar,"Akbar, Kaveh",,"=""0593537610""","=""9780593537619""",0,4.15,Knopf,Hardcover,331,2024,2024,,2026/01/02,to-read,to-read (#17),to-read,,,,0,0
59366244,I'm Glad My Mom Died,Jennette McCurdy,"McCurdy, Jennette",,"=""1982185821""","=""9781982185824""",0,4.43,Simon & Schuster,Hardcover,304,2022,2022,,2026/01/02,"to-read, jubie","to-read (#16), jubie (#9)",to-read,,,,0,0
40916679,"A Good Girl's Guide to Murder (A Good Girl's Guide to Murder, #1)",Holly  Jackson,"Jackson, Holly",,"=""1405293187""","=""9781405293181""",0,4.28,Electric Monkey,Paperback,433,2019,2019,,2026/01/02,"to-read, jubie","to-read (#15), jubie (#8)",to-read,,,,0,0
61214136,The Collected Regrets of Clover,Mikki Brammer,"Brammer, Mikki",,"=""1250284392""","=""9781250284396""",0,4.16,St Martin's Press,Hardcover,320,2023,2023,,2026/01/02,"to-read, jubie","to-read (#14), jubie (#7)",to-read,,,,0,0
62919356,"Immortal Longings (Flesh and False Gods, #1)",Chloe Gong,"Gong, Chloe",,"=""1668000229""","=""9781668000229""",0,3.53,S&S/Saga Press,Hardcover,372,2023,2023,,2026/01/02,"to-read, jubie","to-read (#13), jubie (#6)",to-read,,,,0,0
64623481,The September House,Carissa Orlando,"Orlando, Carissa",,"=""0593548612""","=""9780593548615""",0,3.86,Berkley,Hardcover,344,2023,2023,,2026/01/02,"to-read, jubie","to-read (#12), jubie (#4)",to-read,,,,0,0
231174541,10 Marchfield Square,Nicola  Whyte,"Whyte, Nicola",,"=""1526673053""","=""9781526673053""",0,3.82,Raven Books,Hardcover,400,2025,2025,,2026/01/02,"to-read, jubie","to-read (#11), jubie (#3)",to-read,,,,0,0
489732,The Picture of Dorian Gray,Oscar Wilde,"Wilde, Oscar",Robert Mighall,"=""0141439572""","=""9780141439570""",0,4.14,Penguin Classics,Paperback,253,2003,1890,,2026/01/02,"to-read, jubie","to-read (#10), jubie (#2)",to-read,,,,0,0
248596,Something Wicked This Way Comes,Ray Bradbury,"Bradbury, Ray",,"=""0380729407""","=""9780380729401""",0,3.89,Harper Voyager,Mass Market Paperback,293,1998,1962,,2026/01/02,"to-read, jubie","to-read (#9), jubie (#1)",to-read,,,,0,0
51603444,"Before the Coffee Gets Cold (Before the Coffee Gets Cold, #1)",Toshikazu Kawaguchi,"Kawaguchi, Toshikazu",,"=""1488077215""","=""9781488077210""",4,3.65,Hanover Square Press,Kindle Edition,227,2020,2015,2025/12/31,2025/11/11,for-jubie-2026,for-jubie-2026 (#6),read,,,,1,0
50009069,"The Blade Itself (The First Law, #1)",Joe Abercrombie,"Abercrombie, Joe",,"=""0316387339""","=""9780316387330""",3,4.22,Orbit,Kindle Edition,536,2015,2006,2025/12/29,2025/08/15,,,read,,,,1,0
36681361,"Jade City (The Green Bone Saga, #1)",Fonda Lee,"Lee, Fonda",,"=""""","=""""",4,4.06,Orbit ,Kindle Edition,529,2017,2017,2025/12/22,2025/09/27,for-jubie-2026,for-jubie-2026 (#5),read,,,,1,0
46777,"Tithe (Modern Faerie Tales, #1)",Holly Black,"Black, Holly",,"=""0689867042""","=""9780689867040""",4,3.69,Simon Pulse,Paperback,272,2004,2002,2025/12/13,2024/12/30,,,read,,,,1,0
60784549,In the Lives of Puppets,T.J. Klune,"Klune, T.J.",,"=""125021744X""","=""9781250217448""",4,3.90,Tor Books,Hardcover,432,2023,2023,2023/12/19,2023/12/18,for-jubie-2026,for-jubie-2026 (#4),read,,,,1,0
22055262,"A Darker Shade of Magic (Shades of Magic, #1)",V.E. Schwab,"Schwab, V.E.",Victoria Schwab,"=""0765376458""","=""9780765376459""",5,4.03,Tor,Hardcover,400,2015,2015,2024/01/08,2023/09/19,for-jubie-2026,for-jubie-2026 (#3),read,,,,1,0
59729041,"One Dark Window (The Shepherd King, #1)",Rachel Gillig,"Gillig, Rachel",,"=""""","=""""",5,4.26,Orbit,Kindle Edition,419,2022,2022,2024/10/18,2024/10/14,,,read,,,,1,0
55225045,"The Poppy War (The Poppy War, #1)",R.F. Kuang,"Kuang, R.F.",,"=""""","=""""",4,4.16,Harper Voyager,Kindle Edition,545,2018,2018,2025/05/02,2025/04/26,for-jubie-2026,for-jubie-2026 (#2),read,,,,1,0
123224254,"Mistborn: The Final Empire (Mistborn, #1)",Brandon Sanderson,"Sanderson, Brandon",,"=""""","=""""",4,4.49,Tor Books,Kindle Edition,558,2010,2006,2025/06/06,2025/03/22,,,read,,,,1,0
59356616,"Six of Crows (Six of Crows, #1)",Leigh Bardugo,"Bardugo, Leigh",,"=""""","=""""",4,4.45,Henry Holt and Co. (BYR),Kindle Edition,479,2015,2015,2025/08/05,2025/05/22,,,read,,,,1,0
58416952,"The Will of the Many (Hierarchy, #1)",James Islington,"Islington, James",,"=""1982141190""","=""9781982141196""",4,4.58,Gallery / Saga Press,Kindle Edition,639,2023,2023,2025/10/02,2025/06/06,,,read,,,,1,0
68320207,Tress of the Emerald Sea,Brandon Sanderson,"Sanderson, Brandon",Howard Lyon,"=""""","=""""",5,4.31,Dragonsteel Entertainment,Kindle Edition,486,2023,2023,2025/12/05,2025/11/10,,,read,,,,1,0
62066104,I Hope This Finds You Well,Natalie Sue,"Sue, Natalie",,"=""006332038X""","=""9780063320383""",4,3.73,William Morrow,Kindle Edition,349,2024,2024,2025/12/10,2024/12/30,,,read,,,,1,0
52382796,"Shōgun (Asian Saga, #1)",James Clavell,"Clavell, James",,"=""1982603844""","=""9781982603847""",0,4.41,Blackstone Publishing,Paperback,1152,2020,1975,,2025/12/10,to-read,to-read (#8),to-read,,,,0,0
2459785,"In the Woods (Dublin Murder Squad, #1)",Tana French,"French, Tana",,"=""""","=""""",4,3.78,Penguin Books,Paperback,448,2008,2007,2025/12/09,2024/12/30,,,read,,,,1,0
195607804,Argylle,Elly Conway,"Conway, Elly",,"=""0593600029""","=""9780593600023""",4,3.28,Bantam,Kindle Edition,368,2024,2024,2025/12/04,2024/12/30,,,read,,,,1,0
208033237,"Oathbringer (The Stormlight Archive, #3)",Brandon Sanderson,"Sanderson, Brandon",,"=""""","=""""",5,4.60,Tor Books,Kindle Edition,1242,,2017,2025/12/01,2025/11/17,,,read,,,,1,0
41193,A Thousand Acres,Jane Smiley,"Smiley, Jane",,"=""1400033837""","=""9781400033836""",0,3.83,Vintage,Paperback,371,2003,1991,,2025/11/22,to-read,to-read (#7),to-read,,,,0,0
222376635,"Fallen City (Fallen City Duology, #1)",Adrienne Young,"Young, Adrienne",,"=""1250794196""","=""9781250794192""",0,3.59,Saturday Books,Hardcover,416,2025,2025,,2025/11/20,to-read,to-read (#6),to-read,,,,0,0
231126811,Best Offer Wins,Marisa Kashino,"Kashino, Marisa",,"=""1250400546""","=""9781250400543""",0,3.72,Celadon Books,Hardcover,288,2025,2025,,2025/11/20,to-read,to-read (#5),to-read,,,,0,0
225577776,"Thief of Night (The Charlatan Duology, #2)",Holly Black,"Black, Holly",,"=""1250812232""","=""9781250812230""",5,3.99,Tor Books,Kindle Edition,280,2025,2025,2025/11/17,2025/11/13,,,read,,,,1,0
54774986,Sharp Objects,Gillian Flynn,"Flynn, Gillian",,"=""""","=""""",5,4.00,Broadway Books,Kindle Edition,272,2020,2006,2025/11/12,2024/12/30,,,read,,,,1,0
21425079,"Golden Son (Red Rising Saga, #2)",Pierce Brown,"Brown, Pierce",,"=""""","=""""",5,4.50,Del Rey,Kindle Edition,446,2015,2015,2025/03/30,2025/03/18,,,read,,,,1,0
61884781,Maeve Fly,C.J. Leede,"Leede, C.J.",,"=""1250857856""","=""9781250857859""",4,3.66,Tor Nightfire,Hardcover,288,2023,2023,2025/11/10,2024/12/30,,,read,,,,1,0
18966806,"Morning Star (Red Rising Saga, #3)",Pierce Brown,"Brown, Pierce",,"=""0345539842""","=""9780345539847""",5,4.55,Del Rey,Hardcover,524,2016,2016,2025/04/12,2025/04/09,for-jubie-2026,for-jubie-2026 (#1),read,"If I could give 6 stars, I would",,,1,0
54493401,Project Hail Mary,Andy Weir,"Weir, Andy",,"=""0593135202""","=""9780593135204""",5,4.51,Ballantine Books,Hardcover,476,2021,2021,2025/09/24,2025/07/20,,,read,,,,1,0
208455470,Blood Over Bright Haven,M.L. Wang,"Wang, M.L.",,"=""059387336X""","=""9780593873366""",5,4.32,Del Rey,Kindle Edition,422,2023,2023,2025/09/27,2025/08/15,,,read,,,,1,0
42800305,"The Dragon Republic (The Poppy War, #2)",R.F. Kuang,"Kuang, R.F.",,"=""""","=""""",5,4.34,Harper Voyager,Kindle Edition,675,2019,2019,2025/11/07,2025/11/02,,,read,,,,1,0
208033371,"Words of Radiance (The Stormlight Archive, #2)",Brandon Sanderson,"Sanderson, Brandon",,"=""""","=""""",5,4.76,Tor Books,Kindle Edition,1088,,2014,2025/11/02,2025/10/20,,,read,“Honor is dead… but I’ll see what I can do.” ⭐️⭐️⭐️⭐️⭐️⭐️,,,1,0
123224266,"The Hero of Ages (Mistborn, #3)",Brandon Sanderson,"Sanderson, Brandon",,"=""""","=""""",5,4.56,Tor Books,Kindle Edition,586,2023,2014,2025/10/20,2025/10/13,,,read,,,,1,0
53463056,"The Way of Kings (The Stormlight Archive, #1)",Brandon Sanderson,"Sanderson, Brandon",,"=""""","=""""",5,4.66,Tor Books,Kindle Edition,1137,2010,2010,2025/10/13,2025/08/15,,,read,,,,1,0
194984166,"A Game of Gods (Hades Saga, #3)",Scarlett St.  Clair,"Clair, Scarlett St.",,"=""1728259703""","=""9781728259703""",5,4.00,Bloom Books,Kindle Edition,587,2023,2023,2025/09/09,2025/05/22,,,read,,,,1,0
107524920,"A Touch of Chaos (Hades x Persephone Saga, #4)",Scarlett St.  Clair,"Clair, Scarlett St.",,"=""1728259754""","=""9781728259758""",5,3.92,Bloom Books,Kindle Edition,584,2024,2024,2025/09/12,2025/05/22,,,read,,,,1,0
58854438,A Touch of Malice (Hades X Persephone #3),Scarlett St.  Clair,"Clair, Scarlett St.",,"=""1728258480""","=""9781728258485""",5,3.93,Bloom Books,Kindle Edition,466,2021,2021,2025/09/06,2025/03/01,,,read,,,,1,0
40189879,"The Traitor Baru Cormorant (The Masquerade, #1)",Seth Dickinson,"Dickinson, Seth",,"=""""","=""""",4,4.04,Tor Books,Kindle Edition,401,2015,2015,2025/09/04,2025/08/10,,,read,,,,1,0
52780201,"Dark Heir (Dark Rise, #2)",C.S. Pacat,"Pacat, C.S.",,"=""0062946196""","=""9780062946195""",5,4.52,Quill Tree Books,Kindle Edition,496,2023,2023,2025/08/31,2025/08/28,,,read,,,,1,0
214333691,Sunrise on the Reaping (The Hunger Games),Suzanne Collins,"Collins, Suzanne",,"=""1546171479""","=""9781546171478""",5,4.50,Scholastic Press,Kindle Edition,400,2025,2025,2025/08/28,2025/05/22,,,read,,,,1,0
28937572,"Crooked Kingdom (Six of Crows, #2)",Leigh Bardugo,"Bardugo, Leigh",,"=""""","=""""",5,4.57,Henry Holt and Company,Kindle Edition,560,2016,2016,2025/08/26,2025/05/22,,,read,,,,1,0
57383685,"Dark Rise (Dark Rise, #1)",C.S. Pacat,"Pacat, C.S.",,"=""""","=""""",4,4.15,Quill Tree Books,Kindle Edition,463,2021,2021,2025/08/23,2025/08/21,,,read,,,,1,0
68429,"The Well of Ascension (Mistborn, #2)",Brandon Sanderson,"Sanderson, Brandon",,"=""0765316889""","=""9780765316882""",5,4.38,Tor Books,Hardcover,590,2007,2007,2025/08/20,2025/08/16,,,read,,,,1,0
240019794,Everybody's Perfect,Jo Walton,"Walton, Jo",,"=""1250314054""","=""9781250314055""",0,3.83,Tor Books,Hardcover,272,2026,2026,,2025/08/17,to-read,to-read (#3),to-read,,,,0,0
58159316,"Glow (The Plated Prisoner, #4)",Raven Kennedy,"Kennedy, Raven",,"=""""","=""""",4,4.12,Raven Kennedy,Kindle Edition,738,2022,2022,2025/08/16,2025/03/01,,,read,,,,1,0
61755286,"Light Bringer (Red Rising Saga, #6)",Pierce Brown,"Brown, Pierce",,"=""0425285987""","=""9780425285985""",5,4.77,Del Rey,Kindle Edition,800,2023,2023,2025/08/09,2025/05/22,,,read,,,,1,0
100183621,The Unmaking of June Farrow,Adrienne Young,"Young, Adrienne",,"=""0593598687""","=""9780593598689""",4,4.11,Dell,Kindle Edition,341,2023,2023,2025/07/31,2024/12/30,,,read,,,,1,0
37562956,Dark Age (Red Rising Saga #5),Pierce Brown,"Brown, Pierce",,"=""""","=""""",5,4.51,Del Rey,Kindle Edition,784,2019,2019,2025/07/26,2025/05/22,,,read,,,,1,0
214208274,"Fearless (The Powerless Trilogy, #3)",Lauren  Roberts,"Roberts, Lauren",,"=""1665955481""","=""9781665955485""",4,4.05,Simon & Schuster Books for Young Readers,Kindle Edition,608,2025,2025,2025/07/11,2025/05/22,,,read,,,,1,0
33361943,"Iron Gold (Red Rising Saga, #4)",Pierce Brown,"Brown, Pierce",,"=""""","=""""",4,4.21,Del Rey,Kindle Edition,605,2018,2018,2025/06/21,2025/05/22,,,read,,,,1,0
199352704,The Sins on Their Bones: Book One of The Cursed Crown series (The Cursed Crown Duology 1),Laura R. Samotin,"Samotin, Laura R.",,"=""1039007570""","=""9781039007574""",4,3.78,Random House Canada,Kindle Edition,447,2024,2024,2025/06/10,2025/05/26,,,read,,,,1,0
205335957,"The Knight and the Moth (The Stonewater Kingdom, #1)",Rachel Gillig,"Gillig, Rachel",,"=""0356522962""","=""9780356522968""",0,4.24,Orbit,Hardcover,385,2025,2025,,2025/06/10,to-read,to-read (#1),to-read,,,,0,0
210868783,"The Ballad of Songbirds and Snakes (The Hunger Games, #0)",Suzanne Collins,"Collins, Suzanne",,"=""""","=""""",5,3.99,Scholastic Press,Kindle Edition,541,2024,2020,2025/05/27,2024/12/30,,,read,,,,1,0
208841368,"Emily Wilde's Compendium of Lost Tales (Emily Wilde, #3)",Heather Fawcett,"Fawcett, Heather",,"=""0356519198""","=""9780356519197""",4,4.08,Orbit,Hardcover,368,2025,2025,2025/05/18,2025/05/05,,,read,,,,1,0
58912891,The Very Secret Society of Irregular Witches,Sangu Mandanna,"Mandanna, Sangu",,"=""""","=""""",4,4.03,Berkley ,Kindle Edition,334,2022,2022,2025/04/26,2025/01/23,,,read,,,,1,0
207724101,A Sea of Unspoken Things,Adrienne Young,"Young, Adrienne",,"=""0593598717""","=""9780593598719""",4,3.67,Dell,Kindle Edition,281,2025,2025,2025/05/04,2025/05/02,,,read,,,,1,0
123247704,"House of Flame and Shadow (Crescent City, #3)",Sarah J. Maas,"Maas, Sarah J.",,"=""""","=""""",4,4.24,Bloomsbury,Kindle Edition,852,2024,2024,2025/04/20,2025/03/01,,,read,,,,1,0
215098003,"Scythe & Sparrow (The Ruinous Love Trilogy, #3)",Brynne Weaver,"Weaver, Brynne",,"=""""","=""""",4,4.08,Slowburn,Kindle Edition,416,2025,2025,2025/04/06,2025/03/01,,,read,,,,1,0
134119076,"Emily Wilde’s Map of the Otherlands (Emily Wilde, #2)",Heather Fawcett,"Fawcett, Heather",,"=""0593500202""","=""9780593500200""",5,4.24,Del Rey,Kindle Edition,370,2024,2024,2025/04/03,2025/03/01,,,read,,,,1,0
111172922,"Wildfire (Maple Hills, #2)",Hannah  Grace,"Grace, Hannah",,"=""1668026287""","=""9781668026281""",4,3.81,Atria Books,Kindle Edition,396,2023,2023,2025/03/25,2025/03/01,,,read,,,,1,0
34873380,"Red Rising (Red Rising Saga, #1)",Pierce Brown,"Brown, Pierce",,"=""""","=""""",5,4.27, Random House LLC,Kindle Edition,401,2014,2014,2025/03/18,2025/03/15,,,read,,,,1,0
188365460,"Reckless (The Powerless Trilogy, #2)",Lauren  Roberts,"Roberts, Lauren",,"=""1665955457""","=""9781665955454""",5,4.07,Simon & Schuster Books for Young Readers,Kindle Edition,400,2024,2024,2025/03/15,2025/03/01,,,read,,,,1,0
199897956,The Ministry of Time,Kaliane Bradley,"Bradley, Kaliane",,"=""""","=""""",4,3.56,Avid Reader Press / Simon & Schuster,Kindle Edition,344,2024,2024,2025/03/08,2024/12/30,,,read,,,,1,0
13188676,"Ignite Me (Shatter Me, #3)",Tahereh Mafi,"Mafi, Tahereh",,"=""006208559X""","=""9780062085597""",5,4.45,HarperCollins ,Kindle Edition,408,2014,2014,2025/02/28,2025/02/26,,,read,,,,1,0
218500922,"A Court of Silver Flames (A Court of Thorns and Roses, #4)",Sarah J. Maas,"Maas, Sarah J.",,"=""""","=""""",5,4.45,Bloomsbury Publishing,Kindle Edition,757,2024,2021,2025/02/25,2025/02/15,,,read,,,,1,0
153283393,"Powerless (The Powerless Trilogy, #1)",Lauren  Roberts,"Roberts, Lauren",,"=""1665954884""","=""9781665954884""",4,4.15,Simon & Schuster Books for Young Readers,Kindle Edition,523,2023,2023,2025/02/14,2025/02/08,,,read,,,,1,0
176623687,"The Assassin's Blade (Throne of Glass, #0.1-0.5)",Sarah J. Maas,"Maas, Sarah J.",,"=""""","=""""",4,4.20,Bloomsbury Publishing,Kindle Edition,451,2023,2014,,2025/01/26,,,read,,,,2,0
63490073,Icebreaker,Hannah  Grace,"Grace, Hannah",,"=""""","=""""",4,3.73,Atria Books,Kindle Edition,447,2022,2022,2025/01/31,2025/01/26,,,read,,,,1,0
213616461,"Skyshade (Lightlark, #3)",Alex Aster,"Aster, Alex",,"=""""","=""9798887075181""",4,3.67,Amulet Books,Kindle Edition,394,2024,2024,2025/01/25,2025/01/18,,,read,,,,1,0
202329680,"Leather & Lark (Ruinous Love, #2)",Brynne Weaver,"Weaver, Brynne",,"=""1638931801""","=""9781638931805""",4,4.00,Slowburn,Kindle Edition,409,2024,2024,2025/01/15,2025/01/08,,,read,,,,1,0
42098782,"When Stars Come Out (When Stars Come Out, #1)",Scarlett St.  Clair,"Clair, Scarlett St.",,"=""""","=""""",4,3.86,,Kindle Edition,389,2018,2018,2025/01/07,2024/12/30,,,read,,,,1,0
45416596,The Seven Husbands of Evelyn Hugo,Taylor Jenkins Reid,"Reid, Taylor Jenkins",,"=""""","=""""",5,4.39,Washington Square Press,Kindle Edition,434,2017,2017,2024/12/30,2024/11/18,,,read,,,,1,0
18749279,"Fracture Me (Shatter Me, #2.5)",Tahereh Mafi,"Mafi, Tahereh",,"=""""","=""""",4,3.33,HarperCollins,Kindle Edition,72,2013,2013,2024/12/23,2024/12/22,,,read,,,,1,0
58410355,"Nightbane (Lightlark, #2)",Alex Aster,"Aster, Alex",,"=""""","=""""",4,4.08,Abrams,Kindle Edition,432,2023,2023,2024/12/22,2024/12/16,,,read,,,,1,0
123009515,"Two Twisted Crowns (The Shepherd King, #2)",Rachel Gillig,"Gillig, Rachel",,"=""0316312886""","=""9780316312882""",5,4.38,Orbit,Kindle Edition,458,2023,2023,2024/12/15,2024/12/12,,,read,,,,1,0
16126252,"Unravel Me (Shatter Me, #2)",Tahereh Mafi,"Mafi, Tahereh",,"=""0062085565""","=""9780062085566""",5,4.10,HarperCollins,Kindle Edition,326,2013,2013,2024/12/11,2024/12/08,,,read,,,,1,0
13623150,"Destroy Me (Shatter Me, #1.5)",Tahereh Mafi,"Mafi, Tahereh",,"=""0062208195""","=""9780062208194""",4,3.94,Harper,Kindle Edition,111,2012,2012,2024/12/08,2024/12/07,,,read,,,,1,0
37642300,"Shatter Me (Shatter Me, #1)",Tahereh Mafi,"Mafi, Tahereh",,"=""""","=""""",5,3.84,HarperCollins,Kindle Edition,339,2017,2011,2024/12/07,2024/11/18,,,read,,,,1,0
30241301,"Wicked: Everyone Deserves the Chance to Fly (Wicked Years, #1)",Gregory Maguire,"Maguire, Gregory",,"=""""","=""""",4,3.50,William Morrow,Kindle Edition,406,2009,1995,2024/12/04,2024/11/30,,,read,,,,1,0
205901857,Prime Time Romance,Kate Robb,"Robb, Kate",,"=""0593596560""","=""9780593596562""",5,3.51,The Dial Press,Kindle Edition,321,2024,2024,2024/11/30,2024/11/18,,,read,,,,1,0
61317425,"Emily Wilde's Encyclopaedia of Faeries (Emily Wilde, #1)",Heather Fawcett,"Fawcett, Heather",,"=""""","=""""",4,3.96,Del Rey ,Kindle Edition,354,2023,2023,2024/11/28,2024/11/22,,,read,,,,1,0
123739932,The Invisible Life of Addie LaRue,V.E. Schwab,"Schwab, V.E.",,"=""""","=""""",5,4.16,Tor Books,Kindle Edition,434,2023,2020,2024/11/22,2024/11/15,,,read,,,,1,0
203924668,Where the Library Hides (Secrets of the Nile #2),Isabel Ibañez,"Ibañez, Isabel",,"=""1250823005""","=""9781250823007""",5,3.80,Wednesday Books,Kindle Edition,400,2024,2024,2024/11/14,2024/11/10,,,read,,,,1,0
60864829,The Wishing Game,Meg Shaffer,"Shaffer, Meg",,"=""""","=""""",5,4.02,Ballantine Books,Kindle Edition,294,2023,2023,2024/11/10,2024/11/06,,,read,,,,1,0
212212407,"A Game of Retribution (Hades Saga, #2)",Scarlett St.  Clair,"Clair, Scarlett St.",,"=""""","=""""",4,3.98,Bloom Books,Kindle Edition,427,2024,2022,2024/11/06,2024/11/02,,,read,,,,1,0
63892232,"What the River Knows (Secrets of the Nile, #1)",Isabel Ibañez,"Ibañez, Isabel",,"=""""","=""""",5,3.83,Wednesday Books,Kindle Edition,416,2023,2023,2024/11/02,2024/11/02,,,read,,,,1,0
50164163,Circe,Madeline Miller,"Miller, Madeline",,"=""""","=""""",4,4.22,"Little, Brown and Company",Kindle Edition,402,2018,2018,2024/10/23,2024/10/18,,,read,,,,1,0
58824015,A Touch of Ruin (Hades X Persephone #2),Scarlett St.  Clair,"Clair, Scarlett St.",,"=""0991132386""","=""9780991132386""",5,3.79,Bloom Books,Kindle Edition,442,2020,2020,2024/10/14,2024/10/10,,,read,,,,1,0
40930509,"Ruin and Rising (The Shadow and Bone Trilogy, #3)",Leigh Bardugo,"Bardugo, Leigh",,"=""""","=""""",3,3.97,Henry Holt and Co,Kindle Edition,470,2014,2014,2024/10/10,2024/10/01,,,read,,,,1,0
199928985,The Lost Story,Meg Shaffer,"Shaffer, Meg",,"=""0593598881""","=""9780593598887""",5,3.76,Ballantine Books,Kindle Edition,352,2024,2024,2024/10/01,2024/09/24,,,read,,,,1,0
59042329,"The Silence of the Girls (Women of Troy, #1)",Pat Barker,"Barker, Pat",,"=""""","=""""",3,3.89,Vintage,Kindle Edition,292,2018,2018,2024/09/24,2023/09/21,,,read,,,,1,0
196399669,Wisteria (Belladonna #3),Adalyn  Grace,"Grace, Adalyn",,"=""0316569410""","=""9780316569415""",5,4.22,"Little, Brown Books for Young Readers",Kindle Edition,400,2024,2024,2024/09/23,2024/09/19,,,read,,,,1,0
199667455,"Butcher & Blackbird (The Ruinous Love Trilogy, #1)",Brynne Weaver,"Weaver, Brynne",,"=""""","=""""",4,4.00,Zando,Kindle Edition,355,2023,2023,2024/09/19,2024/09/07,,,read,,,,1,0
13623848,The Song of Achilles,Madeline Miller,"Miller, Madeline",,"=""""","=""""",5,4.30,Ecco,Paperback,408,2012,2011,2024/09/07,2024/09/04,,,read,,,,1,0
65137920,The Lost Bookshop,Evie  Woods,"Woods, Evie",Evie Gaughan,"=""0008609209""","=""9780008609207""",4,3.98,One More Chapter/HarperCollins UK,Kindle Edition,444,2023,2023,2024/09/01,2024/01/28,,,read,,,,1,0
57941596,"House of Sky and Breath (Crescent City, #2)",Sarah J. Maas,"Maas, Sarah J.",,"=""1635574080""","=""9781635574081""",4,4.42,Bloomsbury Publishing ,Kindle Edition,807,2022,2022,2024/08/26,2024/08/14,,,read,,,,1,0
50659471,"A Court of Frost and Starlight (A Court of Thorns and Roses, #4)",Sarah J. Maas,"Maas, Sarah J.",,"=""1635575621""","=""9781635575620""",3,3.71,Bloomsbury Publishing,Paperback,272,2020,2018,2024/08/13,2024/08/11,,,read,,,,1,0
57214537,"Gleam (The Plated Prisoner, #3)",Raven Kennedy,"Kennedy, Raven",,"=""""","=""""",5,4.37,Raven Kennedy,Kindle Edition,780,2021,2021,2024/08/10,2024/08/06,,,read,,,,1,0
56530123,"Glint (The Plated Prisoner, #2)",Raven Kennedy,"Kennedy, Raven",,"=""""","=""""",5,4.15,Raven Kennedy,Kindle Edition,479,2021,2021,2024/08/06,2024/08/03,,,read,,,,1,0
38325332,"All the Stars and Teeth (All the Stars and Teeth, #1)",Adalyn  Grace,"Grace, Adalyn",,"=""1250307791""","=""9781250307798""",4,3.65,Imprint,Kindle Edition,380,2020,2020,2024/08/03,2024/07/30,,,read,,,,1,0
56483061,"Gild (The Plated Prisoner, #1)",Raven Kennedy,"Kennedy, Raven",,"=""""","=""""",4,3.61,Raven Kennedy,Kindle Edition,402,2020,2020,2024/07/28,2024/07/28,,,read,,,,1,0
44778083,"House of Earth and Blood (Crescent City, #1)",Sarah J. Maas,"Maas, Sarah J.",,"=""1635574048""","=""9781635574043""",5,4.45,Bloomsbury Publishing,Hardcover,803,2020,2020,2024/07/24,2024/07/18,,,read,,,,1,0
58651856,"Foxglove (Belladonna, #2)",Adalyn  Grace,"Grace, Adalyn",,"=""0316565253""","=""9780316565257""",5,4.09,"Little, Brown and Company",Hardcover,465,2023,2023,2024/07/18,2024/07/12,,,read,,,,1,0
29939230,"A Conjuring of Light (Shades of Magic, #3)",V.E. Schwab,"Schwab, V.E.",Victoria Schwab,"=""0765387468""","=""9780765387462""",4,4.29,Tor,Hardcover,624,2017,2017,2024/07/12,2024/07/01,,,read,,,,1,0
20764879,"A Gathering of Shadows (Shades of Magic, #2)",V.E. Schwab,"Schwab, V.E.",Victoria Schwab,"=""0765376474""","=""9780765376473""",5,4.19,Tor,Hardcover,512,2016,2016,2024/06/30,2024/06/24,,,read,,,,1,0
59227936,"Belladonna (Belladonna, #1)",Adalyn  Grace,"Grace, Adalyn",,"=""0316158232""","=""9780316158237""",5,3.94,"Little, Brown and Company",Hardcover,409,2022,2022,2024/06/21,2023/09/23,,,read,,,,1,0
61198133,"The Stolen Heir (The Stolen Heir Duology, #1)",Holly Black,"Black, Holly",,"=""0316592706""","=""9780316592703""",5,3.92,"Little, Brown Books for Young Readers",Hardcover,356,2023,2023,2024/06/17,2023/09/19,,,read,,,,1,0
133938782,"Heavenbreaker (Heavenbreaker, #1)",Sara Wolf,"Wolf, Sara",,"=""1649375700""","=""9781649375704""",4,3.71,Entangled: Red Tower Books,Hardcover,424,2024,2024,2024/06/12,2024/06/04,,,read,,,,1,0
75665914,This Spells Love,Kate Robb,"Robb, Kate",,"=""0593596536""","=""9780593596531""",5,3.77,Dial Press Trade Paperback,Paperback,352,2023,2023,,2024/04/09,,,read,,,,2,0
76715522,"Kingdom of Ash (Throne of Glass, #7)",Sarah J. Maas,"Maas, Sarah J.",,"=""1639731067""","=""9781639731060""",5,4.71,Bloomsbury Publishing,Hardcover,984,2023,2018,2024/05/28,2024/05/14,,,read,,,,1,0
14061955,"Siege and Storm (The Shadow and Bone Trilogy, #2)",Leigh Bardugo,"Bardugo, Leigh",,"=""""","=""""",5,3.80,Henry Holt and Company,Hardcover,435,2013,2013,2024/05/14,2024/04/28,,,read,,,,1,0
10194157,"Shadow and Bone (Shadow and Bone, #1)",Leigh Bardugo,"Bardugo, Leigh",,"=""1250048117""","=""9781250048110""",5,3.91,Henry Holt & Company,Hardcover,358,2012,2012,2024/04/28,2023/12/10,,,read,,,,1,0
150260787,"Ruthless Vows (Letters of Enchantment, #2)",Rebecca   Ross,"Ross, Rebecca",,"=""""","=""""",5,3.98,Wednesday Books,Kindle Edition,419,2023,2023,2024/04/17,2024/04/12,,,read,"I loved, cried, and grieved all in 419 pages. ",,,1,0
57060202,"A Court of Wings and Ruin (A Court of Thorns and Roses, #3)",Sarah J. Maas,"Maas, Sarah J.",,"=""""","=""""",5,4.46,Bloomsbury USA Childrens,Kindle Edition,719,2021,2017,2024/04/09,2023/11/22,,,read,,,,1,0
61244268,"Godkiller (Fallen Gods, #1)",Hannah Kaner,"Kaner, Hannah",,"=""0008521468""","=""9780008521462""",3,3.86,Harper Voyager,Hardcover,304,2023,2023,2024/03/29,2024/03/13,,,read,,,,1,0
26032912,"The Queen of Nothing (The Folk of the Air, #3)",Holly Black,"Black, Holly",,"=""0316310409""","=""9780316310406""",5,4.33,"Little, Brown",ebook,321,2019,2019,2024/03/14,2024/03/09,,,read,,,,1,0
40381392,"Finale (Caraval, #3)",Stephanie Garber,"Garber, Stephanie",,"=""1250157668""","=""9781250157669""",5,4.13,Flatiron Books,Hardcover,478,2019,2019,2024/03/09,2024/02/29,,,read,,,,1,0
54626426,"A Game of Fate (Hades Saga, #1)",Scarlett St.  Clair,"Clair, Scarlett St.",,"=""""","=""""",4,3.97,,ebook,379,2020,2020,2024/03/02,2024/02/26,,,read,,,,1,0
36329818,"Legendary (Caraval, #2)",Stephanie Garber,"Garber, Stephanie",,"=""125009531X""","=""9781250095312""",5,4.09,Flatiron Books,Hardcover,451,2018,2018,2024/02/26,2024/02/20,,,read,,,,1,0
27883214,"Caraval (Caraval, #1)",Stephanie Garber,"Garber, Stephanie",,"=""1250095255""","=""9781250095251""",5,3.97,Flatiron Books,Hardcover,407,2017,2016,2024/02/20,2023/12/04,,,read,,,,1,0
60784546,"Divine Rivals (Letters of Enchantment, #1)",Rebecca   Ross,"Ross, Rebecca",,"=""1250857430""","=""9781250857439""",5,4.15,Wednesday Books,Hardcover,368,2023,2023,2024/02/13,2024/02/06,,,read,,,,1,0
62816044,"A Curse for True Love (Once Upon a Broken Heart, #3)",Stephanie Garber,"Garber, Stephanie",,"=""1250851203""","=""9781250851208""",5,4.17,Flatiron,Hardcover,386,2023,2023,2024/01/27,2024/01/26,,,read,,,,1,0
61432205,"Sanctuary of the Shadow (Elemental Emergence, #1)",Aurora Ascher,"Ascher, Aurora",,"=""1649373112""","=""9781649373113""",3,2.92,Red Tower Books,ebook,400,2024,2024,2024/01/24,2024/01/11,,,read,,,,1,0
59808071,"The Ballad of Never After (Once Upon a Broken Heart, #2)",Stephanie Garber,"Garber, Stephanie",,"=""1250268427""","=""9781250268426""",5,4.49,Flatiron Books,Hardcover,416,2022,2022,2024/01/21,2024/01/18,,,read,,,,1,0
55987278,"Once Upon a Broken Heart (Once Upon a Broken Heart, #1)",Stephanie Garber,"Garber, Stephanie",,"=""1250268397""","=""9781250268396""",4,4.06,Flatiron Books,Hardcover,408,2021,2021,2024/01/17,2024/01/17,,,read,,,,1,0
26032887,"The Wicked King (The Folk of the Air, #2)",Holly Black,"Black, Holly",,"=""0316310336""","=""9780316310338""",5,4.27,"Little, Brown Books for Young Readers",ebook,336,2019,2019,2023/12/28,2023/12/25,,,read,,,,1,0
60310757,"Lightlark (Lightlark, #1)",Alex Aster,"Aster, Alex",,"=""1419760866""","=""9781419760860""",5,3.84,Harry N. Abrams,Hardcover,416,2022,2022,2023/12/24,2023/12/19,,,read,,,,1,0
50659468,"A Court of Mist and Fury (A Court of Thorns and Roses, #2)",Sarah J. Maas,"Maas, Sarah J.",,"=""1635575583""","=""9781635575583""",5,4.63,Bloomsbury Publishing,Paperback,626,2020,2016,2023/12/16,2023/09/10,,,read,,,,1,0
26032825,"The Cruel Prince (The Folk of the Air, #1)",Holly Black,"Black, Holly",,"=""0316310271""","=""9780316310277""",5,4.00,"Little, Brown Books for Young Readers",Hardcover,370,2018,2018,2023/12/09,2023/09/21,,,read,,,,1,0
35425827,"Archenemies (Renegades, #2)",Marissa Meyer,"Meyer, Marissa",,"=""1250311446""","=""9781250311443""",4,4.24,Feiwel & Friends,ebook,560,2018,2018,2023/12/04,2023/09/21,,,read,,,,1,0
26252859,"The Hidden Oracle (The Trials of Apollo, #1)",Rick Riordan,"Riordan, Rick",,"=""148473274X""","=""9781484732748""",4,4.13,Disney-Hyperion Books,Hardcover,376,2016,2016,2023/11/29,2023/11/29,,,read,,,,1,0
55215339,"A Touch of Darkness (Hades x Persephone, #1)",Scarlett St.  Clair,"Clair, Scarlett St.",,"=""""","=""""",4,3.80,Scarlett St. Clair,Kindle Edition,379,2020,2019,2023/11/28,2023/11/27,,,read,,,,1,0
90202302,"Iron Flame (The Empyrean, #2)",Rebecca Yarros,"Yarros, Rebecca",,"=""1649374178""","=""9781649374172""",4,4.36,Entangled: Red Tower Books,Hardcover,623,2023,2023,2023/11/26,2023/11/22,,,read,,,,1,0
58293924,"Book of Night (Book of Night, #1)",Holly Black,"Black, Holly",,"=""1250812194""","=""9781250812193""",4,3.54,Tor Books,Hardcover,304,2022,2022,2023/11/11,2023/11/01,,,read,,,,1,0
61431922,"Fourth Wing (The Empyrean, #1)",Rebecca Yarros,"Yarros, Rebecca",,"=""1649374046""","=""9781649374042""",5,4.57,Entangled: Red Tower Books,Hardcover,517,2023,2023,2023/11/03,2023/09/26,,,read,,,,1,0
76714487,"Tower of Dawn (Throne of Glass, #6)",Sarah J. Maas,"Maas, Sarah J.",,"=""1639731040""","=""9781639731046""",5,4.28,Bloomsbury Publishing,Hardcover,688,2023,2017,2023/10/08,2023/09/30,,,read,,,,1,0
76713323,"Empire of Storms (Throne of Glass, #5)",Sarah J. Maas,"Maas, Sarah J.",,"=""1639731024""","=""9781639731022""",5,4.63,Bloomsbury Publishing,Hardcover,733,2023,2016,2023/10/08,2023/09/30,,,read,,,,1,0
76707900,"Queen of Shadows (Throne of Glass, #4)",Sarah J. Maas,"Maas, Sarah J.",,"=""1639731008""","=""9781639731008""",5,4.62,Bloomsbury Publishing,Hardcover,648,2023,2015,2023/09/26,2023/09/23,,,read,,,,1,0
76706470,"Heir of Fire (Throne of Glass, #3)",Sarah J. Maas,"Maas, Sarah J.",,"=""""","=""""",4,4.45,Bloomsbury USA Childrens,Hardcover,576,2023,2014,2023/09/21,2023/09/17,,,read,,,,1,0
50659467,"A Court of Thorns and Roses (A Court of Thorns and Roses, #1)",Sarah J. Maas,"Maas, Sarah J.",,"=""1635575567""","=""9781635575569""",4,4.15,Bloomsbury Publishing,Paperback,419,2020,2015,2023/09/12,2023/09/10,,,read,,,,1,0
32793053,Miles Morales: Spider-Man,Jason Reynolds,"Reynolds, Jason",,"=""148478748X""","=""9781484787489""",2,3.89,Marvel Press,Hardcover,261,2017,2017,2023/07/20,2023/08/23,,,read,,,,1,0
28421168,"Renegades (Renegades, #1)",Marissa Meyer,"Meyer, Marissa",,"=""1250044669""","=""9781250044662""",4,4.11,Feiwel & Friends,Hardcover,552,2017,2017,2023/08/21,2023/08/12,,,read,,,,1,0
76705490,"Crown of Midnight (Throne of Glass, #2)",Sarah J. Maas,"Maas, Sarah J.",,"=""1639730966""","=""9781639730964""",5,4.36,Bloomsbury Publishing,Hardcover,420,2023,2013,2023/08/13,2023/08/13,,,read,,,,1,0
29749098,Catwoman: Soulstealer,Sarah J. Maas,"Maas, Sarah J.",,"=""0399549692""","=""9780399549694""",5,4.06,Random House Books for Young Readers,Hardcover,384,2018,2018,,2023/07/20,,,read,,,,2,0
76703559,"Throne of Glass (Throne of Glass, #1)",Sarah J. Maas,"Maas, Sarah J.",,"=""163973094X""","=""9781639730940""",5,4.19,Bloomsbury Publishing,Hardcover,406,2023,2012,2023/08/05,2023/08/05,,,read,,,,2,0
29749094,Superman: Dawnbreaker,Matt de la Peña,"Peña, Matt de la",,"=""0141386878""","=""9780141386874""",3,3.51,Random House Books for Young Readers,Hardcover,288,2019,2019,2023/08/01,2023/08/05,,,read,,,,2,0
29749090,Batman: Nightwalker,Marie Lu,"Lu, Marie",,"=""0399549781""","=""9780399549786""",3,3.73,Random House Books for Young Readers,Hardcover,272,2018,2018,2023/07/01,2023/07/20,,,read,,,,2,0
29749085,Wonder Woman: Warbringer,Leigh Bardugo,"Bardugo, Leigh",,"=""0399549730""","=""9780399549731""",4,3.99,Random House Children's Books,Hardcover,369,2017,2017,2023/06/15,2023/07/20,,,read,,,,2,0
